name	constituency	party	img_src
A. Raja, Shri	Nilgiris (SC)(Tamil Nadu)	Dravida Munnetra Kazhagam	https://loksabhadocs.nic.in/mpimage/photo/344.jpg
Abbaiah, Shri Narayana Swamy	Chitradurga (SC)(Karnataka)	Bharatiya Janata Party	https://loksabhadocs.nic.in/mpimage/photo/5175.jpg
Abdullah, Dr. Farooq	Srinagar (Jammu and Kashmir)	Jammu and Kashmir National Conference	https://loksabhadocs.nic.in/mpimage/photo/2654.jpg
Adhikari,  Shri Deepak (Dev)	Ghatal (West Bengal)	All India Trinamool Congress	https://loksabhadocs.nic.in/mpimage/photo/4847.jpg
Adhikari, Shri Dibyendu	Tamluk (West Bengal)	All India Trinamool Congress	https://loksabhadocs.nic.in/mpimage/photo/4939.jpg
Adhikari,  Shri Sisir Kumar	Kanthi (West Bengal)	All India Trinamool Congress	https://loksabhadocs.nic.in/mpimage/photo/4502.jpg
Adv. A. M. Ariff	Alappuzha (Kerala)	Communist Party of India (Marxist)	https://loksabhadocs.nic.in/mpimage/photo/5121.jpg
Agrawal,  Shri Rajendra	Meerut (Uttar Pradesh)	Bharatiya Janata Party	https://loksabhadocs.nic.in/mpimage/photo/4267.jpg
Ahluwalia,  Shri S.S.	Bardhaman-Durgapur (West Bengal)	Bharatiya Janata Party	https://loksabhadocs.nic.in/mpimage/photo/4793.jpg
Ahmed, Smt. Sajda	Uluberia (West Bengal)	All India Trinamool Congress	https://loksabhadocs.nic.in/mpimage/photo/4944.jpg
Ajgalley, Shri Guharam	Janjgir-Champa (SC)(Chhattisgarh)	Bharatiya Janata Party	https://loksabhadocs.nic.in/mpimage/photo/4013.jpg
Ajmal,  Maulana Badruddin	Dhubri (Assam)	All India United Democratic Front	https://loksabhadocs.nic.in/mpimage/photo/4436.jpg
Ambareesh, Smt. Sumalatha	Mandya (Karnataka)	Independent	https://loksabhadocs.nic.in/mpimage/photo/5180.jpg
Angadi, Smt. Mangal Suresh	Belgaum (Karnataka)	Bharatiya Janata Party	https://loksabhadocs.nic.in/mpimage/photo/5531.jpg
Annadurai, Shri C.N.	Tiruvannamalai (Tamil Nadu)	Dravida Munnetra Kazhagam	https://loksabhadocs.nic.in/mpimage/photo/4969.jpg
Annpurna Devi, Smt.	Kodarma (Jharkhand)	Bharatiya Janata Party	https://loksabhadocs.nic.in/mpimage/photo/5116.jpg
Ansari, Shri Afzal	Ghazipur (Uttar Pradesh)	Bahujan Samaj Party	https://loksabhadocs.nic.in/mpimage/photo/4170.jpg
Antony,  Shri Anto	Pathanamthitta (Kerala)	Indian National Congress	https://loksabhadocs.nic.in/mpimage/photo/4571.jpg
Aujla, Shri Gurjeet Singh	Amritsar (Punjab)	Indian National Congress	https://loksabhadocs.nic.in/mpimage/photo/4940.jpg
Azad, Smt.  Sangeeta	Lalganj (SC)(Uttar Pradesh)	Bahujan Samaj Party	https://loksabhadocs.nic.in/mpimage/photo/5152.jpg
B.N. , Shri Bache Gowda	Chikkballapur (Karnataka)	Bharatiya Janata Party	https://loksabhadocs.nic.in/mpimage/photo/5173.jpg
Baalu, Shri Thalikkottai Rajuthevar	Sriperumbudur (Tamil Nadu)	Dravida Munnetra Kazhagam	https://loksabhadocs.nic.in/mpimage/photo/26.jpg
Badal, Smt. Harsimrat Kaur	Bathinda (Punjab)	Shiromani Akali Dal	https://loksabhadocs.nic.in/mpimage/photo/4433.jpg
Badal, Shri Sukhbir Singh	Ferozpur (Punjab)	Shiromani Akali Dal	https://loksabhadocs.nic.in/mpimage/photo/3652.jpg
Baghel, Prof. S.P. Singh	Agra (SC)(Uttar Pradesh)	Bharatiya Janata Party	https://loksabhadocs.nic.in/mpimage/photo/31.jpg
Baghel, Shri Vijay	Durg (Chhattisgarh)	Bharatiya Janata Party	https://loksabhadocs.nic.in/mpimage/photo/5007.jpg
Baheria, Shri Subhash Chandra	Bhilwara (Rajasthan)	Bharatiya Janata Party	https://loksabhadocs.nic.in/mpimage/photo/3654.jpg
Baij, Shri Deepak	Bastar (ST)(Chhattisgarh)	Indian National Congress	https://loksabhadocs.nic.in/mpimage/photo/5008.jpg
Balyan, Dr. Sanjeev Kumar	Muzaffarnagar (Uttar Pradesh)	Bharatiya Janata Party	https://loksabhadocs.nic.in/mpimage/photo/4921.jpg
Bandi, Shri Sanjay Kumar	Karimnagar (Telangana)	Bharatiya Janata Party	https://loksabhadocs.nic.in/mpimage/photo/5076.jpg
Bandyopadhyay, Shri Sudip	Kolkata Uttar (West Bengal)	All India Trinamool Congress	https://loksabhadocs.nic.in/mpimage/photo/38.jpg
Banerjee,  Shri Abhishek	Diamond Harbour (West Bengal)	All India Trinamool Congress	https://loksabhadocs.nic.in/mpimage/photo/4843.jpg
Banerjee, Shri Kalyan	Serampore (West Bengal)	All India Trinamool Congress	https://loksabhadocs.nic.in/mpimage/photo/4498.jpg
Banerjee, Shri Prasun	Howrah (West Bengal)	All India Trinamool Congress	https://loksabhadocs.nic.in/mpimage/photo/4583.jpg
Bapat, Shri Girish Bhalchandra	Pune (Maharashtra)	Bharatiya Janata Party	https://loksabhadocs.nic.in/mpimage/photo/5198.jpg
Barla, Shri  John	Alipurduars (ST)(West Bengal)	Bharatiya Janata Party	https://loksabhadocs.nic.in/mpimage/photo/5034.jpg
Barne, Shri Shrirang Appa	Maval (Maharashtra)	Shiv Sena	https://loksabhadocs.nic.in/mpimage/photo/4781.jpg
Barq, Shri Shafiqur Rahman	Sambhal (Uttar Pradesh)	Samajwadi Party	https://loksabhadocs.nic.in/mpimage/photo/3657.jpg
Baruah, Shri Pradan	Lakhimpur (Assam)	Bharatiya Janata Party	https://loksabhadocs.nic.in/mpimage/photo/4937.jpg
Basavaraj, Shri Gangasandra Siddappa	Tumkur (Karnataka)	Bharatiya Janata Party	https://loksabhadocs.nic.in/mpimage/photo/46.jpg
Basheer, Shri E. T. Mohammed	Ponnani (Kerala)	Indian Union Muslim League	https://loksabhadocs.nic.in/mpimage/photo/4561.jpg
Beesetti , Dr. Venkata Satyavathi	Anakapalle (Andhra Pradesh)	Yuvajana Sramika Rythu Congress Party	https://loksabhadocs.nic.in/mpimage/photo/5086.jpg
Bellana, Shri  Chandra Sekhar	Vizianagaram (Andhra Pradesh)	Yuvajana Sramika Rythu Congress Party	https://loksabhadocs.nic.in/mpimage/photo/5102.jpg
Beniwal, Shri Hanuman	Nagaur (Rajasthan)	Rashtriya Loktantrik Party	https://loksabhadocs.nic.in/mpimage/photo/5205.jpg
Benny, Shri Behanan	Chalakudy (Kerala)	Indian National Congress	https://loksabhadocs.nic.in/mpimage/photo/5124.jpg
Bey, Shri Horen Sing	Autonomous District (ST)(Assam)	Bharatiya Janata Party	https://loksabhadocs.nic.in/mpimage/photo/5025.jpg
Bhabhor, Shri Jaswantsinh Sumanbhai	Dahod (ST)(Gujarat)	Bharatiya Janata Party	https://loksabhadocs.nic.in/mpimage/photo/4857.jpg
Bhagat, Shri Sudarshan	Lohardaga (ST)(Jharkhand)	Bharatiya Janata Party	https://loksabhadocs.nic.in/mpimage/photo/4329.jpg
Bhagirath Choudhary, Shri	Ajmer (Rajasthan)	Bharatiya Janata Party	https://loksabhadocs.nic.in/mpimage/photo/5203.jpg
Bhamre, Dr. Subhash Ramrao	Dhule (Maharashtra)	Bharatiya Janata Party	https://loksabhadocs.nic.in/mpimage/photo/4678.jpg
Bhargava, Shri Ramakant	Vidisha (Madhya Pradesh)	Bharatiya Janata Party	https://loksabhadocs.nic.in/mpimage/photo/5072.jpg
Bhatia, Shri Sanjay	Karnal (Haryana)	Bharatiya Janata Party	https://loksabhadocs.nic.in/mpimage/photo/5029.jpg
Bhatt, Shri  Ajay	Nainital-Udhamsingh Nagar (Uttarakhand)	Bharatiya Janata Party	https://loksabhadocs.nic.in/mpimage/photo/5003.jpg
Bhatt, Smt. Ranjanben Dhananjay	Vadodara (Gujarat)	Bharatiya Janata Party	https://loksabhadocs.nic.in/mpimage/photo/4927.jpg
Bhavana Gawali (Patil),  Ms.	Yavatmal-Washim (Maharashtra)	Shiv Sena	https://loksabhadocs.nic.in/mpimage/photo/135.jpg
Bholanath (B.P. Saroj), Shri	Machhlishahr (SC)(Uttar Pradesh)	Bharatiya Janata Party	https://loksabhadocs.nic.in/mpimage/photo/5153.jpg
Bhoumik, Km. Pratima	Tripura West (Tripura)	Bharatiya Janata Party	https://loksabhadocs.nic.in/mpimage/photo/4983.jpg
Bidhuri, Shri Ramesh	South Delhi (NCT of Delhi)	Bharatiya Janata Party	https://loksabhadocs.nic.in/mpimage/photo/4854.jpg
Bind, Dr. Ramesh Chand	Bhadohi (Uttar Pradesh)	Bharatiya Janata Party	https://loksabhadocs.nic.in/mpimage/photo/5138.jpg
Birla, Shri Om	Kota (Rajasthan)	Bharatiya Janata Party	https://loksabhadocs.nic.in/mpimage/photo/4716.jpg
Bisen, Dr. Dhal Singh	Balaghat (Madhya Pradesh)	Bharatiya Janata Party	https://loksabhadocs.nic.in/mpimage/photo/5056.jpg
Bisoyi, Smt. Pramila	Aska (Odisha)	Biju Janata Dal	https://loksabhadocs.nic.in/mpimage/photo/4984.jpg
Bista, Shri  Raju	Darjeeling (West Bengal)	Bharatiya Janata Party	https://loksabhadocs.nic.in/mpimage/photo/5042.jpg
Bohra, Shri Ramcharan	Jaipur (Rajasthan)	Bharatiya Janata Party	https://loksabhadocs.nic.in/mpimage/photo/4656.jpg
Bordoloi, Shri Pradyut	Nawgong (Assam)	Indian National Congress	https://loksabhadocs.nic.in/mpimage/photo/5108.jpg
Borlakunta, Shri  Venkatesh Netha	Peddapalle (SC)(Telangana)	Telangana Rashtra Samithi	https://loksabhadocs.nic.in/mpimage/photo/5083.jpg
Chahar, Shri  Rajkumar	Fatehpur Sikri (Uttar Pradesh)	Bharatiya Janata Party	https://loksabhadocs.nic.in/mpimage/photo/5142.jpg
Chakraborty, Ms. Mimi	Jadavpur (West Bengal)	All India Trinamool Congress	https://loksabhadocs.nic.in/mpimage/photo/5044.jpg
Chandel, Kunwar Pushpendra Singh	Hamirpur (Uttar Pradesh)	Bharatiya Janata Party	https://loksabhadocs.nic.in/mpimage/photo/4665.jpg
Chandra, Shri  Girish	Nagina (SC)(Uttar Pradesh)	Bahujan Samaj Party	https://loksabhadocs.nic.in/mpimage/photo/5156.jpg
Chatterjee, Smt.  Locket	Hooghly (West Bengal)	Bharatiya Janata Party	https://loksabhadocs.nic.in/mpimage/photo/5043.jpg
Chaudhary, Shri P.P.	Pali (Rajasthan)	Bharatiya Janata Party	https://loksabhadocs.nic.in/mpimage/photo/4597.jpg
Chaudhary, Shri Pankaj	Maharajganj (Uttar Pradesh)	Bharatiya Janata Party	https://loksabhadocs.nic.in/mpimage/photo/3479.jpg
Chaudhary, Shri  Pradeep Kumar	Kairana (Uttar Pradesh)	Bharatiya Janata Party	https://loksabhadocs.nic.in/mpimage/photo/5149.jpg
Chaudhuri, Km. Debasree	Raiganj (West Bengal)	Bharatiya Janata Party	https://loksabhadocs.nic.in/mpimage/photo/5054.jpg
Chauhan, Shri Devusinh Jesingbhai	Kheda (Gujarat)	Bharatiya Janata Party	https://loksabhadocs.nic.in/mpimage/photo/4858.jpg
Chauhan, Shri Nihal Chand	Ganganagar (SC)(Rajasthan)	Bharatiya Janata Party	https://loksabhadocs.nic.in/mpimage/photo/95.jpg
Chavda, Shri Vinod	Kachchh (SC)(Gujarat)	Bharatiya Janata Party	https://loksabhadocs.nic.in/mpimage/photo/4741.jpg
Chazhikadan, Shri Thomas	Kottayam (Kerala)	Kerala Congress (M)	https://loksabhadocs.nic.in/mpimage/photo/5130.jpg
Chellakumar, Dr. A.	Krishnagiri (Tamil Nadu)	Indian National Congress	https://loksabhadocs.nic.in/mpimage/photo/4966.jpg
Chidambaram, Shri Karti P.	Sivaganga (Tamil Nadu)	Indian National Congress	https://loksabhadocs.nic.in/mpimage/photo/4967.jpg
Chikhalikar, Shri Prataprao  Patil	Nanded (Maharashtra)	Bharatiya Janata Party	https://loksabhadocs.nic.in/mpimage/photo/5197.jpg
Chinraj, Shri A.K.P.	Namakkal (Tamil Nadu)	Dravida Munnetra Kazhagam	https://loksabhadocs.nic.in/mpimage/photo/4979.jpg
Chinta Anuradha, Smt.	Amalapuram (SC)(Andhra Pradesh)	Yuvajana Sramika Rythu Congress Party	https://loksabhadocs.nic.in/mpimage/photo/5085.jpg
Choubey, Shri Ashwini Kumar	Buxar (Bihar)	Bharatiya Janata Party	https://loksabhadocs.nic.in/mpimage/photo/4650.jpg
Choudhary, Shri Chandra Prakash	Giridih (Jharkhand)	AJSU Party	https://loksabhadocs.nic.in/mpimage/photo/5115.jpg
Choudhary, Shri Kailash	Barmer (Rajasthan)	Bharatiya Janata Party	https://loksabhadocs.nic.in/mpimage/photo/5207.jpg
Choudhury, Shri Abu Hasem Khan	Maldaha Dakshin (West Bengal)	Indian National Congress	https://loksabhadocs.nic.in/mpimage/photo/4212.jpg
Chowdhury, Shri Adhir Ranjan	Baharampur (West Bengal)	Indian National Congress	https://loksabhadocs.nic.in/mpimage/photo/97.jpg
Chudasama, Shri Rajeshbhai Naranbhai	Junagadh (Gujarat)	Bharatiya Janata Party	https://loksabhadocs.nic.in/mpimage/photo/4865.jpg
Dabhi, Shri Bharatsinhji Shankarji	Patan (Gujarat)	Bharatiya Janata Party	https://loksabhadocs.nic.in/mpimage/photo/5024.jpg
Damor, Shri Guman Singh	Ratlam (ST)(Madhya Pradesh)	Bharatiya Janata Party	https://loksabhadocs.nic.in/mpimage/photo/5068.jpg
Danve, Shri Raosaheb Dadarao	Jalna (Maharashtra)	Bharatiya Janata Party	https://loksabhadocs.nic.in/mpimage/photo/316.jpg
Darbar, Shri Chhatar Singh	Dhar (ST)(Madhya Pradesh)	Bharatiya Janata Party	https://loksabhadocs.nic.in/mpimage/photo/3675.jpg
Das, Shri Pallab Lochan	Tezpur (Assam)	Bharatiya Janata Party	https://loksabhadocs.nic.in/mpimage/photo/5110.jpg
Dastidar, Dr. (Smt.) Kakoli Ghosh	Barasat (West Bengal)	All India Trinamool Congress	https://loksabhadocs.nic.in/mpimage/photo/4489.jpg
Deb, Shri Nitesh Ganga	Sambalpur (Odisha)	Bharatiya Janata Party	https://loksabhadocs.nic.in/mpimage/photo/4999.jpg
Delkar, Smt. Kalaben Mohanbhai	Dadra and Nagar Haveli (Dadra and Nagar Haveli and Daman and Diu)	Shiv Sena	https://loksabhadocs.nic.in/mpimage/photo/5536.jpg
Deol, Shri Sunny	Gurdaspur (Punjab)	Bharatiya Janata Party	https://loksabhadocs.nic.in/mpimage/photo/5167.jpg
Devi, Smt. Rama	Sheohar (Bihar)	Bharatiya Janata Party	https://loksabhadocs.nic.in/mpimage/photo/3901.jpg
Devi, Smt. Veena	Vaishali (Bihar)	Lok Jan Shakti Party	https://loksabhadocs.nic.in/mpimage/photo/5223.jpg
Dhaduk, Shri Rameshbhai Lavjibhai	Porbandar (Gujarat)	Bharatiya Janata Party	https://loksabhadocs.nic.in/mpimage/photo/5026.jpg
Dhanorkar, Shri Balubhau Narayanrao (Alias Suresh)	Chandrapur (Maharashtra)	Indian National Congress	https://loksabhadocs.nic.in/mpimage/photo/5190.jpg
Dharambir Singh, Shri	Bhiwani-Mahendragarh (Haryana)	Bharatiya Janata Party	https://loksabhadocs.nic.in/mpimage/photo/4647.jpg
Dharmapuri, Shri Arvind	Nizamabad (Telangana)	Bharatiya Janata Party	https://loksabhadocs.nic.in/mpimage/photo/5082.jpg
Dhotre, Shri Sanjay Shamrao	Akola (Maharashtra)	Bharatiya Janata Party	https://loksabhadocs.nic.in/mpimage/photo/3992.jpg
Diler, Shri  Rajveer	Hathras (SC)(Uttar Pradesh)	Bharatiya Janata Party	https://loksabhadocs.nic.in/mpimage/photo/5146.jpg
Dilip, Shri Saikia	Mangaldoi (Assam)	Bharatiya Janata Party	https://loksabhadocs.nic.in/mpimage/photo/5107.jpg
DNV Senthilkumar S, Dr.	Dharmapuri (Tamil Nadu)	Dravida Munnetra Kazhagam	https://loksabhadocs.nic.in/mpimage/photo/4968.jpg
Dubey, Dr. Nishikant	Godda (Jharkhand)	Bharatiya Janata Party	https://loksabhadocs.nic.in/mpimage/photo/4324.jpg
Dubey, Shri  Vijay Kumar	Kushi Nagar (Uttar Pradesh)	Bharatiya Janata Party	https://loksabhadocs.nic.in/mpimage/photo/5151.jpg
Duggal, Smt. Sunita	Sirsa (SC)(Haryana)	Bharatiya Janata Party	https://loksabhadocs.nic.in/mpimage/photo/5031.jpg
Dwivedi, Shri Harish	Basti (Uttar Pradesh)	Bharatiya Janata Party	https://loksabhadocs.nic.in/mpimage/photo/4633.jpg
Eden, Shri Hibi	Ernakulam (Kerala)	Indian National Congress	https://loksabhadocs.nic.in/mpimage/photo/5125.jpg
Firojiya, Shri Anil	Ujjain (SC)(Madhya Pradesh)	Bharatiya Janata Party	https://loksabhadocs.nic.in/mpimage/photo/5071.jpg
Gaddigoudar, Shri Parvatagouda Chandanagouda	Bagalkot (Karnataka)	Bharatiya Janata Party	https://loksabhadocs.nic.in/mpimage/photo/3984.jpg
Gadkari, Shri Nitin Jairam	Nagpur (Maharashtra)	Bharatiya Janata Party	https://loksabhadocs.nic.in/mpimage/photo/4923.jpg
Galla, Shri Jayadev	Guntur (Andhra Pradesh)	Telugu Desam Party	https://loksabhadocs.nic.in/mpimage/photo/4770.jpg
Gambhir, Shri  Gautam	East Delhi (NCT of Delhi)	Bharatiya Janata Party	https://loksabhadocs.nic.in/mpimage/photo/5032.jpg
Gandhi, Shri Feroze Varun	Pilibhit (Uttar Pradesh)	Bharatiya Janata Party	https://loksabhadocs.nic.in/mpimage/photo/4277.jpg
Gandhi, Smt. Maneka Sanjay	Sultanpur (Uttar Pradesh)	Bharatiya Janata Party	https://loksabhadocs.nic.in/mpimage/photo/129.jpg
Gandhi, Shri Rahul	Wayanad (Kerala)	Indian National Congress	https://loksabhadocs.nic.in/mpimage/photo/4074.jpg
Gandhi, Smt. Sonia	Rae Bareli (Uttar Pradesh)	Indian National Congress	https://loksabhadocs.nic.in/mpimage/photo/130.jpg
Ganeshamurthi, Shri A.	Erode (Tamil Nadu)	Dravida Munnetra Kazhagam	https://loksabhadocs.nic.in/mpimage/photo/3857.jpg
Gangapuram, Shri  Kishan Reddy	Secunderabad (Telangana)	Bharatiya Janata Party	https://loksabhadocs.nic.in/mpimage/photo/5084.jpg
Gangwar, Shri Santosh Kumar	Bareilly (Uttar Pradesh)	Bharatiya Janata Party	https://loksabhadocs.nic.in/mpimage/photo/131.jpg
Gao, Shri Tapir	Arunachal East (Arunachal Pradesh)	Bharatiya Janata Party	https://loksabhadocs.nic.in/mpimage/photo/3973.jpg
Gautam, Shri Satish Kumar	Aligarh (Uttar Pradesh)	Bharatiya Janata Party	https://loksabhadocs.nic.in/mpimage/photo/4603.jpg
Gavit, Dr. Heena Vijaykumar	Nandurbar (ST)(Maharashtra)	Bharatiya Janata Party	https://loksabhadocs.nic.in/mpimage/photo/4787.jpg
Gavit, Shri Rajendra Dhedya	Palghar (ST)(Maharashtra)	Shiv Sena	https://loksabhadocs.nic.in/mpimage/photo/4949.jpg
General (Retd.), Dr. Vijay Kumar Singh	Ghaziabad (Uttar Pradesh)	Bharatiya Janata Party	https://loksabhadocs.nic.in/mpimage/photo/4598.jpg
Ghosh, Shri  Dilip	Medinipur (West Bengal)	Bharatiya Janata Party	https://loksabhadocs.nic.in/mpimage/photo/5051.jpg
Gill, Shri Jasbir Singh	Khadoor Sahib (Punjab)	Indian National Congress	https://loksabhadocs.nic.in/mpimage/photo/5165.jpg
Gnanathiraviam, Shri S.	Tirunelveli (Tamil Nadu)	Dravida Munnetra Kazhagam	https://loksabhadocs.nic.in/mpimage/photo/4956.jpg
Godse, Shri Hemant Tukaram	Nashik (Maharashtra)	Shiv Sena	https://loksabhadocs.nic.in/mpimage/photo/4682.jpg
Gogoi, Shri Gaurav	Kaliabor (Assam)	Indian National Congress	https://loksabhadocs.nic.in/mpimage/photo/4788.jpg
Gogoi, Shri Topon Kumar	Jorhat (Assam)	Bharatiya Janata Party	https://loksabhadocs.nic.in/mpimage/photo/5105.jpg
Gopal Jee Thakur, Shri	Darbhanga (Bihar)	Bharatiya Janata Party	https://loksabhadocs.nic.in/mpimage/photo/5176.jpg
Goswami, Shri Dulal Chandra	Katihar (Bihar)	Janata Dal (United)	https://loksabhadocs.nic.in/mpimage/photo/5215.jpg
Gowda, Shri Devaragunda Venkappa Sadananda	Bangalore North (Karnataka)	Bharatiya Janata Party	https://loksabhadocs.nic.in/mpimage/photo/3979.jpg
Gupta, Shri  Sangamlal Kadedin	Pratapgarh (Uttar Pradesh)	Bharatiya Janata Party	https://loksabhadocs.nic.in/mpimage/photo/5158.jpg
Gupta, Shri Sudheer	Mandsour (Madhya Pradesh)	Bharatiya Janata Party	https://loksabhadocs.nic.in/mpimage/photo/4615.jpg
Gurjar, Shri Krishan Pal	Faridabad (Haryana)	Bharatiya Janata Party	https://loksabhadocs.nic.in/mpimage/photo/4629.jpg
Gurumoorthy, Shri Maddila	Tirupati (SC)(Andhra Pradesh)	Yuvajana Sramika Rythu Congress Party	https://loksabhadocs.nic.in/mpimage/photo/5534.jpg
Hans, Shri Hans Raj	North West Delhi (SC)(NCT of Delhi)	Bharatiya Janata Party	https://loksabhadocs.nic.in/mpimage/photo/5033.jpg
Hansdak, Shri Vijay Kumar	Rajmahal (ST)(Jharkhand)	Jharkhand Mukti Morcha	https://loksabhadocs.nic.in/mpimage/photo/4866.jpg
Haridas, Ms. Ramya	Alathur (SC)(Kerala)	Indian National Congress	https://loksabhadocs.nic.in/mpimage/photo/5122.jpg
Harsh Vardhan , Dr.	Chandni Chowk (NCT of Delhi)	Bharatiya Janata Party	https://loksabhadocs.nic.in/mpimage/photo/4776.jpg
Hasan, Dr.  S.T.	Moradabad (Uttar Pradesh)	Samajwadi Party	https://loksabhadocs.nic.in/mpimage/photo/5155.jpg
Hegde, Shri Anantkumar	Uttara Kannada (Karnataka)	Bharatiya Janata Party	https://loksabhadocs.nic.in/mpimage/photo/3688.jpg
Hema Malini, Smt.	Mathura (Uttar Pradesh)	Bharatiya Janata Party	https://loksabhadocs.nic.in/mpimage/photo/4619.jpg
Hembram, Shri  Kunar	Jhargram (ST)(West Bengal)	Bharatiya Janata Party	https://loksabhadocs.nic.in/mpimage/photo/5047.jpg
Irani, Smt.  Smriti Zubin	Amethi (Uttar Pradesh)	Bharatiya Janata Party	https://loksabhadocs.nic.in/mpimage/photo/5133.jpg
Jadhav, Shri Prataprao	Buldhana (Maharashtra)	Shiv Sena	https://loksabhadocs.nic.in/mpimage/photo/4373.jpg
Jadhav, Shri Sanjay Haribhau	Parbhani (Maharashtra)	Shiv Sena	https://loksabhadocs.nic.in/mpimage/photo/4735.jpg
Jadhav, Dr. Umesh G.	Gulbarga (SC)(Karnataka)	Bharatiya Janata Party	https://loksabhadocs.nic.in/mpimage/photo/5178.jpg
Jagathrakshakan, Shri S.	Arakkonam (Tamil Nadu)	Dravida Munnetra Kazhagam	https://loksabhadocs.nic.in/mpimage/photo/157.jpg
Jahan, Ms. Nussrat	Basirhat (West Bengal)	All India Trinamool Congress	https://loksabhadocs.nic.in/mpimage/photo/5039.jpg
Jai Prakash, Shri	Hardoi (SC)(Uttar Pradesh)	Bharatiya Janata Party	https://loksabhadocs.nic.in/mpimage/photo/159.jpg
Jaiswal, Dr. Sanjay	Paschim Champaran (Bihar)	Bharatiya Janata Party	https://loksabhadocs.nic.in/mpimage/photo/4455.jpg
Jardosh, Smt. Darshana Vikram	Surat (Gujarat)	Bharatiya Janata Party	https://loksabhadocs.nic.in/mpimage/photo/4451.jpg
Jatua, Shri Choudhury Mohan	Mathurapur (SC)(West Bengal)	All India Trinamool Congress	https://loksabhadocs.nic.in/mpimage/photo/4492.jpg
Jaunapuria, Shri Sukhbir Singh	Tonk-Sawai Madhopur (Rajasthan)	Bharatiya Janata Party	https://loksabhadocs.nic.in/mpimage/photo/4669.jpg
Jawed, Dr. Mohammad	Kishanganj (Bihar)	Indian National Congress	https://loksabhadocs.nic.in/mpimage/photo/5216.jpg
Jayakumar, Dr. K.	Tiruvallur (SC)(Tamil Nadu)	Indian National Congress	https://loksabhadocs.nic.in/mpimage/photo/4957.jpg
Jigajinagi, Shri Ramesh Chandappa	Bijapur (SC)(Karnataka)	Bharatiya Janata Party	https://loksabhadocs.nic.in/mpimage/photo/170.jpg
Jolle, Shri Annasaheb Shankar	Chikkodi (Karnataka)	Bharatiya Janata Party	https://loksabhadocs.nic.in/mpimage/photo/5174.jpg
Joshi,  Prof.  Rita Bahuguna	Allahabad (Uttar Pradesh)	Bharatiya Janata Party	https://loksabhadocs.nic.in/mpimage/photo/5131.jpg
Joshi, Shri Chandra Prakash	Chittorgarh (Rajasthan)	Bharatiya Janata Party	https://loksabhadocs.nic.in/mpimage/photo/4671.jpg
Joshi, Shri Pralhad Venkatesh	Dharwad (Karnataka)	Bharatiya Janata Party	https://loksabhadocs.nic.in/mpimage/photo/3982.jpg
Jothi Mani, Ms. S.	Karur (Tamil Nadu)	Indian National Congress	https://loksabhadocs.nic.in/mpimage/photo/4981.jpg
Jyoti, Sadhvi Niranjan	Fatehpur (Uttar Pradesh)	Bharatiya Janata Party	https://loksabhadocs.nic.in/mpimage/photo/4622.jpg
K. Navas, Shri  Kani	Ramanathapuram (Tamil Nadu)	Indian Union Muslim League	https://loksabhadocs.nic.in/mpimage/photo/4962.jpg
Kachhadiya, Shri Naranbhai Bhikhabhai	Amreli (Gujarat)	Bharatiya Janata Party	https://loksabhadocs.nic.in/mpimage/photo/4448.jpg
Kaiser, Choudhary Mehboob Ali	Khagaria (Bihar)	Lok Jan Shakti Party	https://loksabhadocs.nic.in/mpimage/photo/4612.jpg
Kalanidhi, Dr. Veeraswamy	Chennai North (Tamil Nadu)	Dravida Munnetra Kazhagam	https://loksabhadocs.nic.in/mpimage/photo/4959.jpg
Kamait, Shri Dileshwar	Supaul (Bihar)	Janata Dal (United)	https://loksabhadocs.nic.in/mpimage/photo/5222.jpg
Kanumuru, Shri Raghu Ramakrishna Raju	Narsapuram (Andhra Pradesh)	Yuvajana Sramika Rythu Congress Party	https://loksabhadocs.nic.in/mpimage/photo/5097.jpg
Kapoor, Shri Kishan	Kangra (Himachal Pradesh)	Bharatiya Janata Party	https://loksabhadocs.nic.in/mpimage/photo/5112.jpg
Karadi, Shri Sanganna Amarappa	Koppal (Karnataka)	Bharatiya Janata Party	https://loksabhadocs.nic.in/mpimage/photo/4744.jpg
Karandlaje, Km. Shobha	Udupi Chikmagalur (Karnataka)	Bharatiya Janata Party	https://loksabhadocs.nic.in/mpimage/photo/4616.jpg
Karunanidhi, Smt. Kanimozhi	Thoothukkudi (Tamil Nadu)	Dravida Munnetra Kazhagam	https://loksabhadocs.nic.in/mpimage/photo/4960.jpg
Kashyap, Shri Dharmendra Kumar	Aonla (Uttar Pradesh)	Bharatiya Janata Party	https://loksabhadocs.nic.in/mpimage/photo/4595.jpg
Kashyap, Shri Suresh Kumar	Shimla (SC)(Himachal Pradesh)	Bharatiya Janata Party	https://loksabhadocs.nic.in/mpimage/photo/5113.jpg
Kaswan, Shri Rahul	Churu (Rajasthan)	Bharatiya Janata Party	https://loksabhadocs.nic.in/mpimage/photo/4654.jpg
Katara, Shri Kanakmal	Banswara (ST)(Rajasthan)	Bharatiya Janata Party	https://loksabhadocs.nic.in/mpimage/photo/5206.jpg
Kataria, Shri Rattan Lal	Ambala (SC)(Haryana)	Bharatiya Janata Party	https://loksabhadocs.nic.in/mpimage/photo/183.jpg
Kateel, Shri Nalin Kumar	Dakshina Kannada (Karnataka)	Bharatiya Janata Party	https://loksabhadocs.nic.in/mpimage/photo/4316.jpg
Katheria, Prof. (Dr.) Ram Shankar	Etawah (SC)(Uttar Pradesh)	Bharatiya Janata Party	https://loksabhadocs.nic.in/mpimage/photo/4274.jpg
Kathir Anand, Shri Durai Murugan	Vellore (Tamil Nadu)	Dravida Munnetra Kazhagam	https://loksabhadocs.nic.in/mpimage/photo/5528.jpg
Kaur, Smt. Preneet	Patiala (Punjab)	Indian National Congress	https://loksabhadocs.nic.in/mpimage/photo/186.jpg
Kaushik, Shri Ramesh Chander	Sonipat (Haryana)	Bharatiya Janata Party	https://loksabhadocs.nic.in/mpimage/photo/4601.jpg
Kesineni, Shri Srinivas	Vijayawada (Andhra Pradesh)	Telugu Desam Party	https://loksabhadocs.nic.in/mpimage/photo/4701.jpg
Khadse, Smt. Raksha Nikhil	Raver (Maharashtra)	Bharatiya Janata Party	https://loksabhadocs.nic.in/mpimage/photo/4722.jpg
Khaleque,  Shri Abdul	Barpeta (Assam)	Indian National Congress	https://loksabhadocs.nic.in/mpimage/photo/5103.jpg
Khan, Shri  Abu Taher	Murshidabad (West Bengal)	All India Trinamool Congress	https://loksabhadocs.nic.in/mpimage/photo/5052.jpg
Kher, Smt. Kirron	Chandigarh (Chandigarh)	Bharatiya Janata Party	https://loksabhadocs.nic.in/mpimage/photo/4775.jpg
Khuba, Shri Bhagwanth	Bidar (Karnataka)	Bharatiya Janata Party	https://loksabhadocs.nic.in/mpimage/photo/4632.jpg
Kirtikar, Shri Gajanan Chandrakant	Mumbai-North-West (Maharashtra)	Shiv Sena	https://loksabhadocs.nic.in/mpimage/photo/4922.jpg
Kishore, Shri Kaushal	Mohanlalganj (SC)(Uttar Pradesh)	Bharatiya Janata Party	https://loksabhadocs.nic.in/mpimage/photo/4710.jpg
Kodikunnil, Shri Suresh	Mavelikkara (SC)(Kerala)	Indian National Congress	https://loksabhadocs.nic.in/mpimage/photo/477.jpg
Kolhe, Dr. Amol Ramsing	Shirur (Maharashtra)	Nationalist Congress Party	https://loksabhadocs.nic.in/mpimage/photo/5185.jpg
Koli, Smt. Ranjeeta	Bharatpur (SC)(Rajasthan)	Bharatiya Janata Party	https://loksabhadocs.nic.in/mpimage/photo/5208.jpg
Kora, Smt. Geeta	Singhbhum (ST)(Jharkhand)	Indian National Congress	https://loksabhadocs.nic.in/mpimage/photo/5118.jpg
Kotak, Shri Manoj Kishorbhai	Mumbai-North-East (Maharashtra)	Bharatiya Janata Party	https://loksabhadocs.nic.in/mpimage/photo/5202.jpg
Kulaste, Shri Faggan Singh	Mandla (ST)(Madhya Pradesh)	Bharatiya Janata Party	https://loksabhadocs.nic.in/mpimage/photo/207.jpg
Kumar, Shri Dhanush M	Tenkasi (SC)(Tamil Nadu)	Dravida Munnetra Kazhagam	https://loksabhadocs.nic.in/mpimage/photo/4958.jpg
Kumar, Shri Kaushalendra	Nalanda (Bihar)	Janata Dal (United)	https://loksabhadocs.nic.in/mpimage/photo/4467.jpg
Kumar, Shri Narendra	Jhunjhunu (Rajasthan)	Bharatiya Janata Party	https://loksabhadocs.nic.in/mpimage/photo/5210.jpg
Kumar, Shri Santosh	Purnia (Bihar)	Janata Dal (United)	https://loksabhadocs.nic.in/mpimage/photo/4792.jpg
Kumar, Shri Sunil	Valmiki Nagar (Bihar)	Janata Dal (United)	https://loksabhadocs.nic.in/mpimage/photo/5530.jpg
Kumar, Shri Vijay	Gaya (SC)(Bihar)	Janata Dal (United)	https://loksabhadocs.nic.in/mpimage/photo/5177.jpg
Kumar, Dr. Virendra	Tikamgarh (SC)(Madhya Pradesh)	Bharatiya Janata Party	https://loksabhadocs.nic.in/mpimage/photo/515.jpg
Kumari, Km. Diya	Rajsamand (Rajasthan)	Bharatiya Janata Party	https://loksabhadocs.nic.in/mpimage/photo/5209.jpg
Kundariya, Shri Mohanbhai Kalyanji	Rajkot (Gujarat)	Bharatiya Janata Party	https://loksabhadocs.nic.in/mpimage/photo/4692.jpg
Kunwar Danish Ali	Amroha (Uttar Pradesh)	Bahujan Samaj Party	https://loksabhadocs.nic.in/mpimage/photo/5134.jpg
Kuriakose, Adv. Dean	Idukki (Kerala)	Indian National Congress	https://loksabhadocs.nic.in/mpimage/photo/5126.jpg
Kushawaha, Shri Ravindra	Salempur (Uttar Pradesh)	Bharatiya Janata Party	https://loksabhadocs.nic.in/mpimage/photo/4879.jpg
Lal, Shri  Akshaibar	Bahraich (SC)(Uttar Pradesh)	Bharatiya Janata Party	https://loksabhadocs.nic.in/mpimage/photo/5136.jpg
Lal, Shri Pakauri	Robertsganj (SC)(Uttar Pradesh)	Apna Dal (Soneylal)	https://loksabhadocs.nic.in/mpimage/photo/4310.jpg
Lalrosanga, Shri C.	Mizoram (ST)(Mizoram)	Mizo National Front	https://loksabhadocs.nic.in/mpimage/photo/5527.jpg
Lalwani, Shri Shankar	Indore (Madhya Pradesh)	Bharatiya Janata Party	https://loksabhadocs.nic.in/mpimage/photo/5065.jpg
Lavu, Shri Sri Krishna Devarayalu	Narasaraopet (Andhra Pradesh)	Yuvajana Sramika Rythu Congress Party	https://loksabhadocs.nic.in/mpimage/photo/5096.jpg
Lekhi, Smt. Meenakashi	New Delhi (NCT of Delhi)	Bharatiya Janata Party	https://loksabhadocs.nic.in/mpimage/photo/4717.jpg
Lodhi, Shri Ghanshyam Singh	Rampur (Uttar Pradesh)	Bharatiya Janata Party	https://loksabhadocs.nic.in/mpimage/photo/5537.jpg
Lokhande, Shri Sadashiv Kisan	Shirdi (SC)(Maharashtra)	Shiv Sena	https://loksabhadocs.nic.in/mpimage/photo/4733.jpg
Lone, Shri Mohammad Akbar	Baramulla (Jammu and Kashmir)	Jammu and Kashmir National Conference	https://loksabhadocs.nic.in/mpimage/photo/5005.jpg
Maadam, Smt. Poonamben Hematbhai	Jamnagar (Gujarat)	Bharatiya Janata Party	https://loksabhadocs.nic.in/mpimage/photo/4751.jpg
Madhav, Shri Kuruva Gorantla	Hindupur (Andhra Pradesh)	Yuvajana Sramika Rythu Congress Party	https://loksabhadocs.nic.in/mpimage/photo/5092.jpg
Madhavi, Smt. Goddeti	Araku (ST)(Andhra Pradesh)	Yuvajana Sramika Rythu Congress Party	https://loksabhadocs.nic.in/mpimage/photo/5088.jpg
Mahajan, Smt. Poonam  Pramod	Mumbai-North-Central (Maharashtra)	Bharatiya Janata Party	https://loksabhadocs.nic.in/mpimage/photo/4660.jpg
Mahant, Smt. Jyotsna Charandas	Korba (Chhattisgarh)	Indian National Congress	https://loksabhadocs.nic.in/mpimage/photo/5011.jpg
Mahaswamiji, Dr. Jaisiddeshwar Shivacharya	Solapur (SC)(Maharashtra)	Bharatiya Janata Party	https://loksabhadocs.nic.in/mpimage/photo/5194.jpg
Mahato, Shri Bidyut Baran	Jamshedpur (Jharkhand)	Bharatiya Janata Party	https://loksabhadocs.nic.in/mpimage/photo/4705.jpg
Mahato, Shri  Jyotirmay Singh	Purulia (West Bengal)	Bharatiya Janata Party	https://loksabhadocs.nic.in/mpimage/photo/5053.jpg
Mahtab, Shri Bhartruhari	Cuttack (Odisha)	Biju Janata Dal	https://loksabhadocs.nic.in/mpimage/photo/225.jpg
Majhi, Shri Ramesh Chandra	Nabarangpur (ST)(Odisha)	Biju Janata Dal	https://loksabhadocs.nic.in/mpimage/photo/4998.jpg
Majumdar, Dr. Sukanta	Balurghat (West Bengal)	Bharatiya Janata Party	https://loksabhadocs.nic.in/mpimage/photo/5035.jpg
Mal, Shri  Asit Kumar	Bolpur (SC)(West Bengal)	All India Trinamool Congress	https://loksabhadocs.nic.in/mpimage/photo/5040.jpg
Mallah, Shri Kripanath	Karimganj (SC)(Assam)	Bharatiya Janata Party	https://loksabhadocs.nic.in/mpimage/photo/5106.jpg
Mallick, Dr.  Rajashree	Jagatsinghpur (SC)(Odisha)	Biju Janata Dal	https://loksabhadocs.nic.in/mpimage/photo/4990.jpg
Maloth, Smt. Kavitha	Mahabubabad (ST)(Telangana)	Telangana Rashtra Samithi	https://loksabhadocs.nic.in/mpimage/photo/5077.jpg
Mandal, Shri Ajay Kumar	Bhagalpur (Bihar)	Janata Dal (United)	https://loksabhadocs.nic.in/mpimage/photo/5170.jpg
Mandal, Smt. Manjulata	Bhadrak (SC)(Odisha)	Biju Janata Dal	https://loksabhadocs.nic.in/mpimage/photo/4987.jpg
Mandal, Shri Ramprit	Jhanjharpur (Bihar)	Janata Dal (United)	https://loksabhadocs.nic.in/mpimage/photo/5214.jpg
Mandavi, Shri Mohan	Kanker (ST)(Chhattisgarh)	Bharatiya Janata Party	https://loksabhadocs.nic.in/mpimage/photo/5010.jpg
Mandlik, Prof. Sanjay Sadashivrao	Kolhapur (Maharashtra)	Shiv Sena	https://loksabhadocs.nic.in/mpimage/photo/5192.jpg
Mane, Shri Dhairyasheel  S.	Hatkanangle (Maharashtra)	Shiv Sena	https://loksabhadocs.nic.in/mpimage/photo/5187.jpg
Mann, Sardar Simranjit Singh	Sangrur (Punjab)	Shiromani Akali Dal (Simranjit Singh Mann)	https://loksabhadocs.nic.in/mpimage/photo/241.jpg
Manne, Shri Srinivas Reddy	Mahabubnagar (Telangana)	Telangana Rashtra Samithi	https://loksabhadocs.nic.in/mpimage/photo/5078.jpg
Maran, Thiru Dayanidhi	Chennai Central (Tamil Nadu)	Dravida Munnetra Kazhagam	https://loksabhadocs.nic.in/mpimage/photo/4144.jpg
Margani, Shri Bharat Ram	Rajahmundry (Andhra Pradesh)	Yuvajana Sramika Rythu Congress Party	https://loksabhadocs.nic.in/mpimage/photo/5098.jpg
Masoodi, Shri Hasnain	Anantnag (Jammu and Kashmir)	Jammu and Kashmir National Conference	https://loksabhadocs.nic.in/mpimage/photo/5004.jpg
Maurya, Dr.  Sanghamitra	Badaun (Uttar Pradesh)	Bharatiya Janata Party	https://loksabhadocs.nic.in/mpimage/photo/5135.jpg
Meena, Shri Arjunlal	Udaipur (ST)(Rajasthan)	Bharatiya Janata Party	https://loksabhadocs.nic.in/mpimage/photo/4755.jpg
Meena, Smt. Jaskaur	Dausa (ST)(Rajasthan)	Bharatiya Janata Party	https://loksabhadocs.nic.in/mpimage/photo/247.jpg
Meghwal, Shri Arjun Ram	Bikaner (SC)(Rajasthan)	Bharatiya Janata Party	https://loksabhadocs.nic.in/mpimage/photo/4399.jpg
Mendhe, Shri Sunil Baburao	Bhandara-Gondiya (Maharashtra)	Bharatiya Janata Party	https://loksabhadocs.nic.in/mpimage/photo/5188.jpg
Mishra, Shri Janardan	Rewa (Madhya Pradesh)	Bharatiya Janata Party	https://loksabhadocs.nic.in/mpimage/photo/4728.jpg
Misra, Shri Ajay (Teni)	Kheri (Uttar Pradesh)	Bharatiya Janata Party	https://loksabhadocs.nic.in/mpimage/photo/4696.jpg
Misra, Shri Pinaki	Puri (Odisha)	Biju Janata Dal	https://loksabhadocs.nic.in/mpimage/photo/3724.jpg
Modi, Shri Narendra Damodardas	Varanasi (Uttar Pradesh)	Bharatiya Janata Party	https://loksabhadocs.nic.in/mpimage/photo/4589.jpg
Mohan, Shri P. C.	Bangalore Central (Karnataka)	Bharatiya Janata Party	https://loksabhadocs.nic.in/mpimage/photo/4321.jpg
Mohanty, Shri Anubhav	Kendrapara (Odisha)	Biju Janata Dal	https://loksabhadocs.nic.in/mpimage/photo/4994.jpg
Moitra, Smt. Mahua	Krishnanagar (West Bengal)	All India Trinamool Congress	https://loksabhadocs.nic.in/mpimage/photo/5049.jpg
Mondal, Smt. Pratima	Jaynagar (SC)(West Bengal)	All India Trinamool Congress	https://loksabhadocs.nic.in/mpimage/photo/4871.jpg
Mondal, Shri Sunil Kumar	Bardhaman Purba (SC)(West Bengal)	All India Trinamool Congress	https://loksabhadocs.nic.in/mpimage/photo/4868.jpg
Munda, Shri Arjun	Khunti (ST)(Jharkhand)	Bharatiya Janata Party	https://loksabhadocs.nic.in/mpimage/photo/4327.jpg
Munde, Dr. Pritam Gopinath Rao	Beed (Maharashtra)	Bharatiya Janata Party	https://loksabhadocs.nic.in/mpimage/photo/4928.jpg
Muniswamy, Shri S.	Kolar (SC)(Karnataka)	Bharatiya Janata Party	https://loksabhadocs.nic.in/mpimage/photo/5179.jpg
Munjpara, Dr. Mahendrabhai Kalubhai	Surendranagar (Gujarat)	Bharatiya Janata Party	https://loksabhadocs.nic.in/mpimage/photo/5027.jpg
Muraleedharan, Shri K.	Vadakara (Kerala)	Indian National Congress	https://loksabhadocs.nic.in/mpimage/photo/262.jpg
Murmu, Ms. Chandrani	Keonjhar (ST)(Odisha)	Biju Janata Dal	https://loksabhadocs.nic.in/mpimage/photo/4995.jpg
Murmu, Shri  Khagen	Maldaha Uttar (West Bengal)	Bharatiya Janata Party	https://loksabhadocs.nic.in/mpimage/photo/5050.jpg
Nagar, Shri   Malook	Bijnor (Uttar Pradesh)	Bahujan Samaj Party	https://loksabhadocs.nic.in/mpimage/photo/5139.jpg
Nagar, Shri Rodmal	Rajgarh (Madhya Pradesh)	Bharatiya Janata Party	https://loksabhadocs.nic.in/mpimage/photo/4702.jpg
Naik, Shri Raja Amareshwara	Raichur (ST)(Karnataka)	Bharatiya Janata Party	https://loksabhadocs.nic.in/mpimage/photo/5181.jpg
Naik, Shri Shripad Yesso	North Goa (Goa)	Bharatiya Janata Party	https://loksabhadocs.nic.in/mpimage/photo/273.jpg
Naik Nimbalkar, Shri Ranjeetsingh	Madha (Maharashtra)	Bharatiya Janata Party	https://loksabhadocs.nic.in/mpimage/photo/5193.jpg
Nallakonda Gari, Shri Reddeppa	Chittoor (SC)(Andhra Pradesh)	Yuvajana Sramika Rythu Congress Party	https://loksabhadocs.nic.in/mpimage/photo/5090.jpg
Namgyal, Shri Jamyang Tsering	Ladakh (Ladakh)	Bharatiya Janata Party	https://loksabhadocs.nic.in/mpimage/photo/5006.jpg
Natarajan, Shri P.R.	Coimbatore (Tamil Nadu)	Communist Party of India (Marxist)	https://loksabhadocs.nic.in/mpimage/photo/4543.jpg
Nath, Shri Balak	Alwar (Rajasthan)	Bharatiya Janata Party	https://loksabhadocs.nic.in/mpimage/photo/5204.jpg
Nath, Shri Nakul K.	Chhindwara (Madhya Pradesh)	Indian National Congress	https://loksabhadocs.nic.in/mpimage/photo/5060.jpg
Nete, Shri Ashok Mahadeorao	Gadchiroli-Chimur (ST)(Maharashtra)	Bharatiya Janata Party	https://loksabhadocs.nic.in/mpimage/photo/4748.jpg
Nishad, Shri Ajay	Muzaffarpur (Bihar)	Bharatiya Janata Party	https://loksabhadocs.nic.in/mpimage/photo/4715.jpg
Nishad, Shri Praveen Kumar	Sant Kabir Nagar (Uttar Pradesh)	Bharatiya Janata Party	https://loksabhadocs.nic.in/mpimage/photo/4947.jpg
Nishank, Dr. Ramesh Pokhriyal	Hardwar (Uttarakhand)	Bharatiya Janata Party	https://loksabhadocs.nic.in/mpimage/photo/4761.jpg
Oja, Smt. Queen	Gauhati (Assam)	Bharatiya Janata Party	https://loksabhadocs.nic.in/mpimage/photo/5104.jpg
Oram, Shri Jual	Sundargarh (ST)(Odisha)	Bharatiya Janata Party	https://loksabhadocs.nic.in/mpimage/photo/279.jpg
Owaisi, Shri Asaduddin	Hyderabad (Telangana)	All India Majlis-E-Ittehadul Muslimeen	https://loksabhadocs.nic.in/mpimage/photo/4091.jpg
Paarivendhar, Dr. T. R.	Perambalur (Tamil Nadu)	Dravida Munnetra Kazhagam	https://loksabhadocs.nic.in/mpimage/photo/4980.jpg
Pachauri, Shri Satyadev	Kanpur (Uttar Pradesh)	Bharatiya Janata Party	https://loksabhadocs.nic.in/mpimage/photo/5226.jpg
Pal , Shri Jagdambika	Domariyaganj (Uttar Pradesh)	Bharatiya Janata Party	https://loksabhadocs.nic.in/mpimage/photo/4295.jpg
Pala, Shri Vincent H.	Shillong (ST)(Meghalaya)	Indian National Congress	https://loksabhadocs.nic.in/mpimage/photo/4352.jpg
Palanimanickam, Shri S.S.	Thanjavur (Tamil Nadu)	Dravida Munnetra Kazhagam	https://loksabhadocs.nic.in/mpimage/photo/284.jpg
Panda, Shri Basanta Kumar	Kalahandi (Odisha)	Bharatiya Janata Party	https://loksabhadocs.nic.in/mpimage/photo/4992.jpg
Pandey, Dr. Mahendra Nath	Chandauli (Uttar Pradesh)	Bharatiya Janata Party	https://loksabhadocs.nic.in/mpimage/photo/4917.jpg
Pandey, Shri  Ritesh	Ambedkar Nagar (Uttar Pradesh)	Bahujan Samaj Party	https://loksabhadocs.nic.in/mpimage/photo/5132.jpg
Pandey, Shri Santosh	Rajnandgaon (Chhattisgarh)	Bharatiya Janata Party	https://loksabhadocs.nic.in/mpimage/photo/5015.jpg
Paras, Shri Pashupati Kumar	Hajipur (SC)(Bihar)	Lok Jan Shakti Party	https://loksabhadocs.nic.in/mpimage/photo/5212.jpg
Parkash, Shri Som	Hoshiarpur (SC)(Punjab)	Bharatiya Janata Party	https://loksabhadocs.nic.in/mpimage/photo/5166.jpg
Parthiban, Shri S.R.	Salem (Tamil Nadu)	Dravida Munnetra Kazhagam	https://loksabhadocs.nic.in/mpimage/photo/4976.jpg
Pasunoori, Shri Dayakar	Warangal (SC)(Telangana)	Telangana Rashtra Samithi	https://loksabhadocs.nic.in/mpimage/photo/4935.jpg
Paswan, Shri Chhedi	Sasaram (SC)(Bihar)	Bharatiya Janata Party	https://loksabhadocs.nic.in/mpimage/photo/3361.jpg
Paswan, Shri Chirag	Jamui (SC)(Bihar)	Lok Jan Shakti Party	https://loksabhadocs.nic.in/mpimage/photo/4777.jpg
Paswan, Shri Kamlesh	Bansgaon (SC)(Uttar Pradesh)	Bharatiya Janata Party	https://loksabhadocs.nic.in/mpimage/photo/4303.jpg
Patel, Smt. Anupriya	Mirzapur (Uttar Pradesh)	Apna Dal (Soneylal)	https://loksabhadocs.nic.in/mpimage/photo/4662.jpg
Patel, Shri Devji Mansingram	Jalore (Rajasthan)	Bharatiya Janata Party	https://loksabhadocs.nic.in/mpimage/photo/4411.jpg
Patel, Shri Gajendra Singh	Khargone (ST)(Madhya Pradesh)	Bharatiya Janata Party	https://loksabhadocs.nic.in/mpimage/photo/5067.jpg
Patel, Shri Hasmukhbhai Somabhai	Ahmedabad East (Gujarat)	Bharatiya Janata Party	https://loksabhadocs.nic.in/mpimage/photo/5017.jpg
Patel, Dr. K. C.	Valsad (ST)(Gujarat)	Bharatiya Janata Party	https://loksabhadocs.nic.in/mpimage/photo/4818.jpg
Patel, Smt.  Keshari Devi	Phulpur (Uttar Pradesh)	Bharatiya Janata Party	https://loksabhadocs.nic.in/mpimage/photo/5157.jpg
Patel, Shri Lalubhai Babubhai	Daman and Diu (ST)(Dadra and Nagar Haveli and Daman and Diu)	Bharatiya Janata Party	https://loksabhadocs.nic.in/mpimage/photo/4364.jpg
Patel, Shri Mitesh Rameshbhai	Anand (Gujarat)	Bharatiya Janata Party	https://loksabhadocs.nic.in/mpimage/photo/5018.jpg
Patel, Shri Parbatbhai Savabhai	Banaskantha (Gujarat)	Bharatiya Janata Party	https://loksabhadocs.nic.in/mpimage/photo/5019.jpg
Patel, Shri Prahlad Singh	Damoh (Madhya Pradesh)	Bharatiya Janata Party	https://loksabhadocs.nic.in/mpimage/photo/306.jpg
Patel, Shri R.K. Singh	Banda (Uttar Pradesh)	Bharatiya Janata Party	https://loksabhadocs.nic.in/mpimage/photo/4331.jpg
Patel, Smt. Sharda Anilkumar	Mahesana (Gujarat)	Bharatiya Janata Party	https://loksabhadocs.nic.in/mpimage/photo/5022.jpg
Pathak, Smt. Riti	Sidhi (Madhya Pradesh)	Bharatiya Janata Party	https://loksabhadocs.nic.in/mpimage/photo/4711.jpg
Pathak, Shri  Subrat	Kannauj (Uttar Pradesh)	Bharatiya Janata Party	https://loksabhadocs.nic.in/mpimage/photo/5150.jpg
Patil, Shri Bheemrao Baswanthrao	Zahirabad (Telangana)	Telangana Rashtra Samithi	https://loksabhadocs.nic.in/mpimage/photo/4756.jpg
Patil, Shri C. R.	Navsari (Gujarat)	Bharatiya Janata Party	https://loksabhadocs.nic.in/mpimage/photo/4452.jpg
Patil, Shri Gyaneshwar	Khandwa (Madhya Pradesh)	Bharatiya Janata Party	https://loksabhadocs.nic.in/mpimage/photo/5535.jpg
Patil, Shri Hemant Shriram	Hingoli (Maharashtra)	Shiv Sena	https://loksabhadocs.nic.in/mpimage/photo/5184.jpg
Patil, Shri Kapil Moreshwar	Bhiwandi (Maharashtra)	Bharatiya Janata Party	https://loksabhadocs.nic.in/mpimage/photo/4658.jpg
Patil, Shri Sanjay(Kaka) Ramchandra	Sangli (Maharashtra)	Bharatiya Janata Party	https://loksabhadocs.nic.in/mpimage/photo/4680.jpg
Patil, Shri Shriniwas Dadasaheb	Satara (Maharashtra)	Nationalist Congress Party	https://loksabhadocs.nic.in/mpimage/photo/322.jpg
Patil, Shri Unmesh Bhaiyyasaheb	Jalgaon (Maharashtra)	Bharatiya Janata Party	https://loksabhadocs.nic.in/mpimage/photo/5186.jpg
Pawar, Dr. Bharati Pravin	Dindori (ST)(Maharashtra)	Bharatiya Janata Party	https://loksabhadocs.nic.in/mpimage/photo/5201.jpg
Pfoze, Dr. Lorho S.	Outer Manipur (ST)(Manipur)	Naga Peoples Front	https://loksabhadocs.nic.in/mpimage/photo/5001.jpg
Poddar, Smt. Aparupa	Arambagh (SC)(West Bengal)	All India Trinamool Congress	https://loksabhadocs.nic.in/mpimage/photo/4844.jpg
Pon, Dr. Gautham Sigamani	Kallakurichi (Tamil Nadu)	Dravida Munnetra Kazhagam	https://loksabhadocs.nic.in/mpimage/photo/4975.jpg
Pothuganti, Shri Ramulu	Nagarkurnool (SC)(Telangana)	Telangana Rashtra Samithi	https://loksabhadocs.nic.in/mpimage/photo/5080.jpg
Prakash, Adv. Adoor	Attingal (Kerala)	Indian National Congress	https://loksabhadocs.nic.in/mpimage/photo/5123.jpg
Pramanik, Shri Nisith	Coochbehar (SC)(West Bengal)	Bharatiya Janata Party	https://loksabhadocs.nic.in/mpimage/photo/5041.jpg
Prasad, Shri Chandeshwar	Jahanabad (Bihar)	Janata Dal (United)	https://loksabhadocs.nic.in/mpimage/photo/5213.jpg
Prasad, Shri Ravi Shankar	Patna Sahib (Bihar)	Bharatiya Janata Party	https://loksabhadocs.nic.in/mpimage/photo/5219.jpg
Prasad, Shri V. Sreenivasa	Chamrajanagar (SC)(Karnataka)	Bharatiya Janata Party	https://loksabhadocs.nic.in/mpimage/photo/336.jpg
Pratap Chandra Sarangi, Shri	Balasore (Odisha)	Bharatiya Janata Party	https://loksabhadocs.nic.in/mpimage/photo/4985.jpg
Prathapan, Shri T.N.	Thrissur (Kerala)	Indian National Congress	https://loksabhadocs.nic.in/mpimage/photo/5129.jpg
Premachandran, Shri N.K.	Kollam (Kerala)	Revolutionary Socialist Party	https://loksabhadocs.nic.in/mpimage/photo/3754.jpg
Prince Raj, Shri	Samastipur (SC)(Bihar)	Lok Jan Shakti Party	https://loksabhadocs.nic.in/mpimage/photo/5529.jpg
Pujari, Shri Suresh Kumar	Bargarh (Odisha)	Bharatiya Janata Party	https://loksabhadocs.nic.in/mpimage/photo/4986.jpg
Raghavan, Shri M. K.	Kozhikode (Kerala)	Indian National Congress	https://loksabhadocs.nic.in/mpimage/photo/4560.jpg
Raghavendra, Shri B. Y.	Shimoga (Karnataka)	Bharatiya Janata Party	https://loksabhadocs.nic.in/mpimage/photo/4570.jpg
Rahaman, Shri  Khalilur	Jangipur (West Bengal)	All India Trinamool Congress	https://loksabhadocs.nic.in/mpimage/photo/5046.jpg
Rai, Shri Nityanand	Ujiarpur (Bihar)	Bharatiya Janata Party	https://loksabhadocs.nic.in/mpimage/photo/4625.jpg
Rajenimbalkar, Shri Omprakash Bhupalsingh alias Pavan	Osmanabad (Maharashtra)	Shiv Sena	https://loksabhadocs.nic.in/mpimage/photo/5189.jpg
Rajkumar, Dr. Ranjan Singh	Inner Manipur (Manipur)	Bharatiya Janata Party	https://loksabhadocs.nic.in/mpimage/photo/5000.jpg
Rajoria, Dr. Manoj	Karauli-Dholpur (SC)(Rajasthan)	Bharatiya Janata Party	https://loksabhadocs.nic.in/mpimage/photo/4667.jpg
Rajput, Shri Mukesh	Farrukhabad (Uttar Pradesh)	Bharatiya Janata Party	https://loksabhadocs.nic.in/mpimage/photo/4666.jpg
Ram, Shri Vishnu Dayal	Palamu (SC)(Jharkhand)	Bharatiya Janata Party	https://loksabhadocs.nic.in/mpimage/photo/4731.jpg
Ram Mohan Naidu, Shri Kinjarapu	Srikakulam (Andhra Pradesh)	Telugu Desam Party	https://loksabhadocs.nic.in/mpimage/photo/4771.jpg
Ramalingam, Shri Sellaperumal	Mayiladuthurai (Tamil Nadu)	Dravida Munnetra Kazhagam	https://loksabhadocs.nic.in/mpimage/photo/4974.jpg
Ramesh, Shri T.R.V.S.	Cuddalore (Tamil Nadu)	Dravida Munnetra Kazhagam	https://loksabhadocs.nic.in/mpimage/photo/4970.jpg
Rana, Smt Navneet Ravi	Amravati (SC)(Maharashtra)	Independent	https://loksabhadocs.nic.in/mpimage/photo/5191.jpg
Rangaiah, Dr. Talari	Anantapur (Andhra Pradesh)	Yuvajana Sramika Rythu Congress Party	https://loksabhadocs.nic.in/mpimage/photo/5087.jpg
Rao, Shri Nama Nageswara	Khammam (Telangana)	Telangana Rashtra Samithi	https://loksabhadocs.nic.in/mpimage/photo/4323.jpg
Rao, Shri Soyam Bapu	Adilabad (ST)(Telangana)	Bharatiya Janata Party	https://loksabhadocs.nic.in/mpimage/photo/5073.jpg
Rao Inderjit Singh	Gurgaon (Haryana)	Bharatiya Janata Party	https://loksabhadocs.nic.in/mpimage/photo/3904.jpg
Rathod, Shri Dipsinh Shankarsinh	Sabarkantha (Gujarat)	Bharatiya Janata Party	https://loksabhadocs.nic.in/mpimage/photo/4691.jpg
Rathod, Shri Ratansinh Magansinh	Panchmahal (Gujarat)	Bharatiya Janata Party	https://loksabhadocs.nic.in/mpimage/photo/5023.jpg
Rathore, Col. Rajyavardhan Singh	Jaipur Rural (Rajasthan)	Bharatiya Janata Party	https://loksabhadocs.nic.in/mpimage/photo/4782.jpg
Rathva, Smt. Gitaben Vajesingbhai	Chhota Udaipur (ST)(Gujarat)	Bharatiya Janata Party	https://loksabhadocs.nic.in/mpimage/photo/5020.jpg
Raut, Shri Vinayak Bhaurao	Ratnagiri-Sindhudurg (Maharashtra)	Shiv Sena	https://loksabhadocs.nic.in/mpimage/photo/4765.jpg
Ravikumar, Dr. D.	Viluppuram (SC)(Tamil Nadu)	Dravida Munnetra Kazhagam	https://loksabhadocs.nic.in/mpimage/photo/4972.jpg
Ravindhranath, Shri P.	Theni (Tamil Nadu)	All India Anna Dravida Munnetra Kazhagam	https://loksabhadocs.nic.in/mpimage/photo/4964.jpg
Rawat, Shri Ashok Kumar	Misrikh (SC)(Uttar Pradesh)	Bharatiya Janata Party	https://loksabhadocs.nic.in/mpimage/photo/4096.jpg
Rawat, Shri Tirath Singh	Garhwal (Uttarakhand)	Bharatiya Janata Party	https://loksabhadocs.nic.in/mpimage/photo/5002.jpg
Rawat, Shri  Upendra Singh	Barabanki (SC)(Uttar Pradesh)	Bharatiya Janata Party	https://loksabhadocs.nic.in/mpimage/photo/5137.jpg
Ray, Smt. Sandhya	Bhind (SC)(Madhya Pradesh)	Bharatiya Janata Party	https://loksabhadocs.nic.in/mpimage/photo/5058.jpg
Ray, Prof. Sougata	Dum Dum (West Bengal)	All India Trinamool Congress	https://loksabhadocs.nic.in/mpimage/photo/2554.jpg
Reddy, Shri Adala Prabhakara	Nellore (Andhra Pradesh)	Yuvajana Sramika Rythu Congress Party	https://loksabhadocs.nic.in/mpimage/photo/5100.jpg
Reddy, Shri Anumula Revanth	Malkajgiri (Telangana)	Indian National Congress	https://loksabhadocs.nic.in/mpimage/photo/5079.jpg
Reddy, Dr.  Gaddam Ranjith	Chevella (Telangana)	Telangana Rashtra Samithi	https://loksabhadocs.nic.in/mpimage/photo/5075.jpg
Reddy, Shri  Komati Reddy Venkat	Bhongir (Telangana)	Indian National Congress	https://loksabhadocs.nic.in/mpimage/photo/5074.jpg
Reddy, Shri Kotha Prabhakar	Medak (Telangana)	Telangana Rashtra Samithi	https://loksabhadocs.nic.in/mpimage/photo/4926.jpg
Reddy, Shri Magunta Sreenivasulu	Ongole (Andhra Pradesh)	Yuvajana Sramika Rythu Congress Party	https://loksabhadocs.nic.in/mpimage/photo/3907.jpg
Reddy, Shri P.V. Midhun	Rajampet (Andhra Pradesh)	Yuvajana Sramika Rythu Congress Party	https://loksabhadocs.nic.in/mpimage/photo/4688.jpg
Reddy, Shri Pocha Brahmananda	Nandyal (Andhra Pradesh)	Yuvajana Sramika Rythu Congress Party	https://loksabhadocs.nic.in/mpimage/photo/5095.jpg
Reddy, Shri  Uttam Kumar Nalamada	Nalgonda (Telangana)	Indian National Congress	https://loksabhadocs.nic.in/mpimage/photo/5081.jpg
Reddy, Shri Y. S. Avinash	kadapa (Andhra Pradesh)	Yuvajana Sramika Rythu Congress Party	https://loksabhadocs.nic.in/mpimage/photo/4816.jpg
Rehman, Shri   Haji Fazlur	Saharanpur (Uttar Pradesh)	Bahujan Samaj Party	https://loksabhadocs.nic.in/mpimage/photo/5161.jpg
Revanna, Shri Prajwal	Hassan (Karnataka)	Janata Dal (Secular)	https://loksabhadocs.nic.in/mpimage/photo/5183.jpg
Rijiju, Shri Kiren	Arunachal West (Arunachal Pradesh)	Bharatiya Janata Party	https://loksabhadocs.nic.in/mpimage/photo/3972.jpg
Roy, Dr.  Jayanta Kumar	Jalpaiguri (SC)(West Bengal)	Bharatiya Janata Party	https://loksabhadocs.nic.in/mpimage/photo/5045.jpg
Roy, Smt.  Mala	Kolkata Dakshin (West Bengal)	All India Trinamool Congress	https://loksabhadocs.nic.in/mpimage/photo/5048.jpg
Roy, Dr. Rajdeep	Silchar (Assam)	Bharatiya Janata Party	https://loksabhadocs.nic.in/mpimage/photo/5109.jpg
Roy (Banerjee), Smt. Satabdi	Birbhum (West Bengal)	All India Trinamool Congress	https://loksabhadocs.nic.in/mpimage/photo/4506.jpg
Rudy, Shri Rajiv Pratap	Saran (Bihar)	Bharatiya Janata Party	https://loksabhadocs.nic.in/mpimage/photo/385.jpg
Sadique,  Mohammad	Faridkot (SC)(Punjab)	Indian National Congress	https://loksabhadocs.nic.in/mpimage/photo/5168.jpg
Sagar, Shri  Arun Kumar	Shahjahanpur (SC)(Uttar Pradesh)	Bharatiya Janata Party	https://loksabhadocs.nic.in/mpimage/photo/5163.jpg
Sahoo, Shri Mahesh	Dhenkanal (Odisha)	Biju Janata Dal	https://loksabhadocs.nic.in/mpimage/photo/4989.jpg
Sahu, Shri Chandra Sekhar	Berhampur (Odisha)	Biju Janata Dal	https://loksabhadocs.nic.in/mpimage/photo/4056.jpg
Sahu, Shri Chunni Lal	Mahasamund (Chhattisgarh)	Bharatiya Janata Party	https://loksabhadocs.nic.in/mpimage/photo/5012.jpg
Sai, Smt. Gomati	Raigarh (ST)(Chhattisgarh)	Bharatiya Janata Party	https://loksabhadocs.nic.in/mpimage/photo/5013.jpg
Samadani, Dr. M. P. Abdussamad	Malappuram (Kerala)	Indian Union Muslim League	https://loksabhadocs.nic.in/mpimage/photo/5532.jpg
Samanta, Shri Achyutananda	Kandhamal (Odisha)	Biju Janata Dal	https://loksabhadocs.nic.in/mpimage/photo/4993.jpg
Sangma, Smt. Agatha K.	Tura (ST)(Meghalaya)	National People's Party	https://loksabhadocs.nic.in/mpimage/photo/4251.jpg
Sao, Shri Arun	Bilaspur (Chhattisgarh)	Bharatiya Janata Party	https://loksabhadocs.nic.in/mpimage/photo/5009.jpg
Sarangi, Smt. Aparajita	Bhubaneswar (Odisha)	Bharatiya Janata Party	https://loksabhadocs.nic.in/mpimage/photo/4988.jpg
Sarania, Shri Naba (Hira) Kumar	Kokrajhar (ST)(Assam)	Independent	https://loksabhadocs.nic.in/mpimage/photo/4774.jpg
Saraswati, Shri Sumedhanand	Sikar (Rajasthan)	Bharatiya Janata Party	https://loksabhadocs.nic.in/mpimage/photo/4709.jpg
Sardinha, Shri Francisco Cosme	South Goa (Goa)	Indian National Congress	https://loksabhadocs.nic.in/mpimage/photo/3914.jpg
Sarkar, Shri  Jagannath	Ranaghat (SC)(West Bengal)	Bharatiya Janata Party	https://loksabhadocs.nic.in/mpimage/photo/5055.jpg
Sarkar, Dr.  Subhas	Bankura (West Bengal)	Bharatiya Janata Party	https://loksabhadocs.nic.in/mpimage/photo/5037.jpg
Satyanarayana, Shri M V V	Visakhapatnam (Andhra Pradesh)	Yuvajana Sramika Rythu Congress Party	https://loksabhadocs.nic.in/mpimage/photo/5099.jpg
Saumitra, Shri Khan	Bishnupur (SC)(West Bengal)	Bharatiya Janata Party	https://loksabhadocs.nic.in/mpimage/photo/4875.jpg
Sawant, Shri Arvind Ganpat	Mumbai-South (Maharashtra)	Shiv Sena	https://loksabhadocs.nic.in/mpimage/photo/4713.jpg
Selvam, Shri Ganesan	Kancheepuram (SC)(Tamil Nadu)	Dravida Munnetra Kazhagam	https://loksabhadocs.nic.in/mpimage/photo/4963.jpg
Selvaraj, Shri Muniyan	Nagapattinam (SC)(Tamil Nadu)	Communist Party of India	https://loksabhadocs.nic.in/mpimage/photo/3409.jpg
Sen, Dr.  Jadon Chandra	Firozabad (Uttar Pradesh)	Bharatiya Janata Party	https://loksabhadocs.nic.in/mpimage/photo/5225.jpg
Seth, Shri Sanjay	Ranchi (Jharkhand)	Bharatiya Janata Party	https://loksabhadocs.nic.in/mpimage/photo/5117.jpg
Sethi, Smt. Sarmistha Kumari	Jajpur (SC)(Odisha)	Biju Janata Dal	https://loksabhadocs.nic.in/mpimage/photo/4991.jpg
Shah, Shri Amit Anil Chandra	Gandhinagar (Gujarat)	Bharatiya Janata Party	https://loksabhadocs.nic.in/mpimage/photo/5021.jpg
Shah, Smt. Mala Rajya Laxmi	Tehri Garhwal (Uttarakhand)	Bharatiya Janata Party	https://loksabhadocs.nic.in/mpimage/photo/4582.jpg
Sharma, Shri  Anurag	Jhansi (Uttar Pradesh)	Bharatiya Janata Party	https://loksabhadocs.nic.in/mpimage/photo/5148.jpg
Sharma, Dr. Arvind Kumar	Rohtak (Haryana)	Bharatiya Janata Party	https://loksabhadocs.nic.in/mpimage/photo/3785.jpg
Sharma, Shri Jugal Kishore	Jammu (Jammu and Kashmir)	Bharatiya Janata Party	https://loksabhadocs.nic.in/mpimage/photo/4720.jpg
Sharma, Shri Kuldeep Rai	Andaman and Nicobar Islands (Andaman and Nicobar Islands)	Indian National Congress	https://loksabhadocs.nic.in/mpimage/photo/5119.jpg
Sharma, Dr. Mahesh	Gautam Buddha Nagar (Uttar Pradesh)	Bharatiya Janata Party	https://loksabhadocs.nic.in/mpimage/photo/4642.jpg
Sharma, Shri Vishnu Datt	Khajuraho (Madhya Pradesh)	Bharatiya Janata Party	https://loksabhadocs.nic.in/mpimage/photo/5066.jpg
Shejwalkar, Shri Vivek Narayan	Gwalior (Madhya Pradesh)	Bharatiya Janata Party	https://loksabhadocs.nic.in/mpimage/photo/5064.jpg
Shekhawat, Shri Gajendra Singh	Jodhpur (Rajasthan)	Bharatiya Janata Party	https://loksabhadocs.nic.in/mpimage/photo/4670.jpg
Shetty, Shri Gopal Chinayya	Mumbai-North (Maharashtra)	Bharatiya Janata Party	https://loksabhadocs.nic.in/mpimage/photo/4661.jpg
Shewale, Shri Rahul Ramesh	Mumbai South-Central (Maharashtra)	Shiv Sena	https://loksabhadocs.nic.in/mpimage/photo/4903.jpg
Shinde, Dr. Shrikant Eknath	Kalyan (Maharashtra)	Shiv Sena	https://loksabhadocs.nic.in/mpimage/photo/4659.jpg
Shiyal, Dr. Bharatiben Dhirubhai	Bhavnagar (Gujarat)	Bharatiya Janata Party	https://loksabhadocs.nic.in/mpimage/photo/4693.jpg
Shrangare, Shri Sudhakar Tukaram	Latur (SC)(Maharashtra)	Bharatiya Janata Party	https://loksabhadocs.nic.in/mpimage/photo/5195.jpg
Shukla, Shri  Ravi Kishan	Gorakhpur (Uttar Pradesh)	Bharatiya Janata Party	https://loksabhadocs.nic.in/mpimage/photo/5144.jpg
Siddeshwara, Shri Gowdar Mallikarjunappa	Davanagere (Karnataka)	Bharatiya Janata Party	https://loksabhadocs.nic.in/mpimage/photo/3977.jpg
Sigriwal, Shri Janardan Singh	Maharajganj (Bihar)	Bharatiya Janata Party	https://loksabhadocs.nic.in/mpimage/photo/4638.jpg
Simha, Shri Prathap	Mysore (Karnataka)	Bharatiya Janata Party	https://loksabhadocs.nic.in/mpimage/photo/4708.jpg
Singari, Dr. Sanjeev Kumar	Kurnool (Andhra Pradesh)	Yuvajana Sramika Rythu Congress Party	https://loksabhadocs.nic.in/mpimage/photo/5094.jpg
Singh, Dr. Amar	Fatehgarh Sahib (SC)(Punjab)	Indian National Congress	https://loksabhadocs.nic.in/mpimage/photo/5169.jpg
Singh, Shri  Arjun	Barrackpur (West Bengal)	Bharatiya Janata Party	https://loksabhadocs.nic.in/mpimage/photo/5038.jpg
Singh, Shri  Atul Kumar	Ghosi (Uttar Pradesh)	Bahujan Samaj Party	https://loksabhadocs.nic.in/mpimage/photo/5143.jpg
Singh, Shri Bhola	Bulandshahr (SC)(Uttar Pradesh)	Bharatiya Janata Party	https://loksabhadocs.nic.in/mpimage/photo/4605.jpg
Singh, Shri Brijbhushan Sharan	Kaiserganj (Uttar Pradesh)	Bharatiya Janata Party	https://loksabhadocs.nic.in/mpimage/photo/438.jpg
Singh, Shri Brijendra	Hisar (Haryana)	Bharatiya Janata Party	https://loksabhadocs.nic.in/mpimage/photo/5028.jpg
Singh, Shri  Chandan	Nawada (Bihar)	Lok Jan Shakti Party	https://loksabhadocs.nic.in/mpimage/photo/5218.jpg
Singh, Shri Devendra (Alias) Bhole Singh	Akbarpur (Uttar Pradesh)	Bharatiya Janata Party	https://loksabhadocs.nic.in/mpimage/photo/4664.jpg
Singh, Shri Dushyant	Jhalawar-Baran (Rajasthan)	Bharatiya Janata Party	https://loksabhadocs.nic.in/mpimage/photo/4005.jpg
Singh, Shri Ganesh	Satna (Madhya Pradesh)	Bharatiya Janata Party	https://loksabhadocs.nic.in/mpimage/photo/3986.jpg
Singh, Shri Giriraj	Begusarai (Bihar)	Bharatiya Janata Party	https://loksabhadocs.nic.in/mpimage/photo/4641.jpg
Singh, Smt. Himadri	Shahdol (ST)(Madhya Pradesh)	Bharatiya Janata Party	https://loksabhadocs.nic.in/mpimage/photo/5070.jpg
Singh, Dr. Jitendra	Udhampur (Jammu and Kashmir)	Bharatiya Janata Party	https://loksabhadocs.nic.in/mpimage/photo/4718.jpg
Singh, Smt. Kavita	Siwan (Bihar)	Janata Dal (United)	https://loksabhadocs.nic.in/mpimage/photo/5221.jpg
Singh, Shri Kirti Vardhan	Gonda (Uttar Pradesh)	Bharatiya Janata Party	https://loksabhadocs.nic.in/mpimage/photo/3926.jpg
Singh, Shri Lallu	Faizabad (Uttar Pradesh)	Bharatiya Janata Party	https://loksabhadocs.nic.in/mpimage/photo/4752.jpg
Singh, Shri Mahabali	Karakat (Bihar)	Janata Dal (United)	https://loksabhadocs.nic.in/mpimage/photo/4472.jpg
Singh, Shri Nayab	Kurukshetra (Haryana)	Bharatiya Janata Party	https://loksabhadocs.nic.in/mpimage/photo/5030.jpg
Singh, Shri Parvesh Sahib	West Delhi (NCT of Delhi)	Bharatiya Janata Party	https://loksabhadocs.nic.in/mpimage/photo/4758.jpg
Singh, Shri Pashupati Nath	Dhanbad (Jharkhand)	Bharatiya Janata Party	https://loksabhadocs.nic.in/mpimage/photo/4326.jpg
Singh, Shri Pradeep Kumar	Araria (Bihar)	Bharatiya Janata Party	https://loksabhadocs.nic.in/mpimage/photo/4459.jpg
Singh, Smt. Pratibha	Mandi (Himachal Pradesh)	Indian National Congress	https://loksabhadocs.nic.in/mpimage/photo/4044.jpg
Singh, Shri Radha Mohan	Purvi Champaran (Bihar)	Bharatiya Janata Party	https://loksabhadocs.nic.in/mpimage/photo/451.jpg
Singh, Shri Raj Kumar	Arrah (Bihar)	Bharatiya Janata Party	https://loksabhadocs.nic.in/mpimage/photo/4653.jpg
Singh, Shri Raj Nath	Lucknow (Uttar Pradesh)	Bharatiya Janata Party	https://loksabhadocs.nic.in/mpimage/photo/4268.jpg
Singh, Shri Rajbahadur	Sagar (Madhya Pradesh)	Bharatiya Janata Party	https://loksabhadocs.nic.in/mpimage/photo/5069.jpg
Singh, Shri Rajiv Ranjan Alias Lalan Singh	Munger (Bihar)	Janata Dal (United)	https://loksabhadocs.nic.in/mpimage/photo/4134.jpg
Singh, Shri Rajveer (Raju Bhaiya)	Etah (Uttar Pradesh)	Bharatiya Janata Party	https://loksabhadocs.nic.in/mpimage/photo/4634.jpg
Singh, Shri Rakesh	Jabalpur (Madhya Pradesh)	Bharatiya Janata Party	https://loksabhadocs.nic.in/mpimage/photo/3987.jpg
Singh, Shri Ravneet	Ludhiana (Punjab)	Indian National Congress	https://loksabhadocs.nic.in/mpimage/photo/4429.jpg
Singh, Smt. Renuka	Surguja (ST)(Chhattisgarh)	Bharatiya Janata Party	https://loksabhadocs.nic.in/mpimage/photo/5016.jpg
Singh, Dr. Satya Pal	Baghpat (Uttar Pradesh)	Bharatiya Janata Party	https://loksabhadocs.nic.in/mpimage/photo/4600.jpg
Singh, Shri Sunil Kumar	Chatra (Jharkhand)	Bharatiya Janata Party	https://loksabhadocs.nic.in/mpimage/photo/4750.jpg
Singh, Shri Sushil Kumar	Aurangabad (Bihar)	Bharatiya Janata Party	https://loksabhadocs.nic.in/mpimage/photo/3928.jpg
Singh, Shri Uday Pratap	Hoshangabad (Madhya Pradesh)	Bharatiya Janata Party	https://loksabhadocs.nic.in/mpimage/photo/4516.jpg
Singh, Shri Virendra	Ballia (Uttar Pradesh)	Bharatiya Janata Party	https://loksabhadocs.nic.in/mpimage/photo/3608.jpg
Singh Deo, Smt. Sangeeta Kumari	Bolangir (Odisha)	Bharatiya Janata Party	https://loksabhadocs.nic.in/mpimage/photo/426.jpg
Sinha, Shri Jayant	Hazaribagh (Jharkhand)	Bharatiya Janata Party	https://loksabhadocs.nic.in/mpimage/photo/4768.jpg
Sinha, Shri Shatrughan Prasad	Asansol (West Bengal)	All India Trinamool Congress	https://loksabhadocs.nic.in/mpimage/photo/4468.jpg
Solanki, Dr. (Prof.) Kirit Premjibhai	Ahmedabad West (SC)(Gujarat)	Bharatiya Janata Party	https://loksabhadocs.nic.in/mpimage/photo/4444.jpg
Solanky, Shri Mahendra Singh	Dewas (SC)(Madhya Pradesh)	Bharatiya Janata Party	https://loksabhadocs.nic.in/mpimage/photo/5061.jpg
Soni, Shri Sunil Kumar	Raipur (Chhattisgarh)	Bharatiya Janata Party	https://loksabhadocs.nic.in/mpimage/photo/5014.jpg
Sonkar, Shri Vinod Kumar	Kaushambi (SC)(Uttar Pradesh)	Bharatiya Janata Party	https://loksabhadocs.nic.in/mpimage/photo/4623.jpg
Soren, Shri Sunil	Dumka (ST)(Jharkhand)	Bharatiya Janata Party	https://loksabhadocs.nic.in/mpimage/photo/5114.jpg
Sridhar, Shri Kotagiri	Eluru (Andhra Pradesh)	Yuvajana Sramika Rythu Congress Party	https://loksabhadocs.nic.in/mpimage/photo/5091.jpg
Subba, Shri Indra Hang	Sikkim (Sikkim)	Sikkim Krantikari Morcha	https://loksabhadocs.nic.in/mpimage/photo/5111.jpg
Subbarayan, Shri K.	Tiruppur (Tamil Nadu)	Communist Party of India	https://loksabhadocs.nic.in/mpimage/photo/4086.jpg
Sudhakaran, Shri Kumbakudi	Kannur (Kerala)	Indian National Congress	https://loksabhadocs.nic.in/mpimage/photo/4558.jpg
Sule, Smt. Supriya Sadanand	Baramati (Maharashtra)	Nationalist Congress Party	https://loksabhadocs.nic.in/mpimage/photo/4392.jpg
Suman, Dr. Alok Kumar	Gopalganj (SC)(Bihar)	Janata Dal (United)	https://loksabhadocs.nic.in/mpimage/photo/5211.jpg
Sundaram, Shri K. Shanmuga	Pollachi (Tamil Nadu)	Dravida Munnetra Kazhagam	https://loksabhadocs.nic.in/mpimage/photo/4978.jpg
Sunil Kumar Pintu, Shri	Sitamarhi (Bihar)	Janata Dal (United)	https://loksabhadocs.nic.in/mpimage/photo/5220.jpg
Suresh, Shri Doddalahalli Kempegowda	Bangalore Rural (Karnataka)	Indian National Congress	https://loksabhadocs.nic.in/mpimage/photo/4585.jpg
Suresh, Shri Nandigam	Bapatla (SC)(Andhra Pradesh)	Yuvajana Sramika Rythu Congress Party	https://loksabhadocs.nic.in/mpimage/photo/5089.jpg
Surya, Shri L.S. Tejasvi	Bangalore South (Karnataka)	Bharatiya Janata Party	https://loksabhadocs.nic.in/mpimage/photo/5182.jpg
Swami Maharaj,  Dr. Sakshi Ji	Unnao (Uttar Pradesh)	Bharatiya Janata Party	https://loksabhadocs.nic.in/mpimage/photo/3586.jpg
Syed Imtiaz Jaleel, Shri	Aurangabad (Maharashtra)	All India Majlis-E-Ittehadul Muslimeen	https://loksabhadocs.nic.in/mpimage/photo/5200.jpg
T. Sumathy (A) Thamizhachi Thangapandian, Dr.	Chennai South (Tamil Nadu)	Dravida Munnetra Kazhagam	https://loksabhadocs.nic.in/mpimage/photo/4961.jpg
Tadas, Shri Ramdas Chandrabhanji	Wardha (Maharashtra)	Bharatiya Janata Party	https://loksabhadocs.nic.in/mpimage/photo/4911.jpg
Tagore B., Shri Manickam	Virudhunagar (Tamil Nadu)	Indian National Congress	https://loksabhadocs.nic.in/mpimage/photo/4552.jpg
Tamta, Shri Ajay	Almora (SC)(Uttarakhand)	Bharatiya Janata Party	https://loksabhadocs.nic.in/mpimage/photo/4651.jpg
Tatkare, Shri Sunil Dattatray	Raigad (Maharashtra)	Nationalist Congress Party	https://loksabhadocs.nic.in/mpimage/photo/5199.jpg
Teli, Shri Rameswar	Dibrugarh (Assam)	Bharatiya Janata Party	https://loksabhadocs.nic.in/mpimage/photo/4745.jpg
Tewari, Shri Manish	Anandpur Sahib (Punjab)	Indian National Congress	https://loksabhadocs.nic.in/mpimage/photo/4430.jpg
Thakur, Shri Anurag Singh	Hamirpur (Himachal Pradesh)	Bharatiya Janata Party	https://loksabhadocs.nic.in/mpimage/photo/4249.jpg
Thakur, Sadhvi Pragya Singh	Bhopal (Madhya Pradesh)	Bharatiya Janata Party	https://loksabhadocs.nic.in/mpimage/photo/5059.jpg
Thakur, Shri  Shantanu	Bangaon (SC)(West Bengal)	Bharatiya Janata Party	https://loksabhadocs.nic.in/mpimage/photo/5036.jpg
Tharoor, Dr. Shashi	Thiruvananthapuram (Kerala)	Indian National Congress	https://loksabhadocs.nic.in/mpimage/photo/4569.jpg
Thirumaavalavan, Dr. Tholkappiyan	Chidambaram (SC)(Tamil Nadu)	Viduthalai Chiruthaigal Katchi	https://loksabhadocs.nic.in/mpimage/photo/4549.jpg
Thirunavukkarasar, Shri Su.	Tiruchirappalli (Tamil Nadu)	Indian National Congress	https://loksabhadocs.nic.in/mpimage/photo/485.jpg
Tiwari, Shri Manoj Kumar	North East Delhi (NCT of Delhi)	Bharatiya Janata Party	https://loksabhadocs.nic.in/mpimage/photo/4606.jpg
Tomar, Shri Narendra Singh	Morena (Madhya Pradesh)	Bharatiya Janata Party	https://loksabhadocs.nic.in/mpimage/photo/4507.jpg
Tripathi, Dr. Ramapati Ram	Deoria (Uttar Pradesh)	Bharatiya Janata Party	https://loksabhadocs.nic.in/mpimage/photo/5140.jpg
Tripura, Shri  Rebati	Tripura East (ST)(Tripura)	Bharatiya Janata Party	https://loksabhadocs.nic.in/mpimage/photo/4982.jpg
Tudu, Shri Bishweswar	Mayurbhanj (ST)(Odisha)	Bharatiya Janata Party	https://loksabhadocs.nic.in/mpimage/photo/4997.jpg
Tumane, Shri Krupal Balaji	Ramtek (SC)(Maharashtra)	Shiv Sena	https://loksabhadocs.nic.in/mpimage/photo/4734.jpg
Udasi, Shri Shivkumar Chanabasappa	Haveri (Karnataka)	Bharatiya Janata Party	https://loksabhadocs.nic.in/mpimage/photo/4340.jpg
Uikey, Shri Durga Das	Betul (ST)(Madhya Pradesh)	Bharatiya Janata Party	https://loksabhadocs.nic.in/mpimage/photo/5057.jpg
Ulaka, Shri Saptagiri Sankar	Koraput (ST)(Odisha)	Indian National Congress	https://loksabhadocs.nic.in/mpimage/photo/4996.jpg
Unnithan, Shri Rajmohan	Kasaragod (Kerala)	Indian National Congress	https://loksabhadocs.nic.in/mpimage/photo/5127.jpg
V.K. Sreekandan, Shri	Palakkad (Kerala)	Indian National Congress	https://loksabhadocs.nic.in/mpimage/photo/5128.jpg
Vallabbhaneni, Shri Balashowry	Machilipatnam (Andhra Pradesh)	Yuvajana Sramika Rythu Congress Party	https://loksabhadocs.nic.in/mpimage/photo/4021.jpg
Vanga, Smt. Geetha Viswanath	Kakinada (Andhra Pradesh)	Yuvajana Sramika Rythu Congress Party	https://loksabhadocs.nic.in/mpimage/photo/5093.jpg
Vasava, Shri Mansukhbhai Dhanjibhai	Bharuch (Gujarat)	Bharatiya Janata Party	https://loksabhadocs.nic.in/mpimage/photo/501.jpg
Vasava, Shri Prabhubhai Nagarbhai	Bardoli (ST)(Gujarat)	Bharatiya Janata Party	https://loksabhadocs.nic.in/mpimage/photo/4757.jpg
Ve., Shri  Vaithilingam	Puducherry (Puducherry)	Indian National Congress	https://loksabhadocs.nic.in/mpimage/photo/5120.jpg
Velusamy, Shri  P.	Dindigul (Tamil Nadu)	Dravida Munnetra Kazhagam	https://loksabhadocs.nic.in/mpimage/photo/4977.jpg
Venkatesan, Shri S.	Madurai (Tamil Nadu)	Communist Party of India (Marxist)	https://loksabhadocs.nic.in/mpimage/photo/4965.jpg
Verma, Shri Bhanu Pratap Singh	Jalaun (SC)(Uttar Pradesh)	Bharatiya Janata Party	https://loksabhadocs.nic.in/mpimage/photo/3824.jpg
Verma, Shri Rajesh	Sitapur (Uttar Pradesh)	Bharatiya Janata Party	https://loksabhadocs.nic.in/mpimage/photo/510.jpg
Verma, Smt. Rekha Arun	Dhaurahra (Uttar Pradesh)	Bharatiya Janata Party	https://loksabhadocs.nic.in/mpimage/photo/4918.jpg
Verma, Shri Ram Shiromani	Shrawasti (Uttar Pradesh)	Bahujan Samaj Party	https://loksabhadocs.nic.in/mpimage/photo/5164.jpg
Vichare, Shri Rajan Baburao	Thane (Maharashtra)	Shiv Sena	https://loksabhadocs.nic.in/mpimage/photo/4663.jpg
Vijayakumar (Alias) Vijay Vasanth , Shri	Kanniyakumari (Tamil Nadu)	Indian National Congress	https://loksabhadocs.nic.in/mpimage/photo/5533.jpg
Vikhepatil, Dr. Sujay Radhakrishna	Ahmednagar (Maharashtra)	Bharatiya Janata Party	https://loksabhadocs.nic.in/mpimage/photo/5196.jpg
Vishnu Prasad, Dr. M.K.	Arani (Tamil Nadu)	Indian National Congress	https://loksabhadocs.nic.in/mpimage/photo/4971.jpg
Y, Shri Devendrappa	Bellary (ST)(Karnataka)	Bharatiya Janata Party	https://loksabhadocs.nic.in/mpimage/photo/5171.jpg
Yadav, Shri Ashok Kumar	Madhubani (Bihar)	Bharatiya Janata Party	https://loksabhadocs.nic.in/mpimage/photo/5217.jpg
Yadav, Smt. Dimple	Mainpuri (Uttar Pradesh)	Samajwadi Party	https://loksabhadocs.nic.in/mpimage/photo/4580.jpg
Yadav, Shri Dinesh Chandra	Madhepura (Bihar)	Janata Dal (United)	https://loksabhadocs.nic.in/mpimage/photo/527.jpg
"Yadav , Shri Dinesh Lal ""Nirahua"""	Azamgarh (Uttar Pradesh)	Bharatiya Janata Party	https://loksabhadocs.nic.in/mpimage/photo/5539.jpg
Yadav, Shri Giridhari	Banka (Bihar)	Janata Dal (United)	https://loksabhadocs.nic.in/mpimage/photo/3830.jpg
Yadav, Dr. Krishnapal Singh	Guna (Madhya Pradesh)	Bharatiya Janata Party	https://loksabhadocs.nic.in/mpimage/photo/5063.jpg
Yadav, Shri Ram Kripal	Pataliputra (Bihar)	Bharatiya Janata Party	https://loksabhadocs.nic.in/mpimage/photo/3832.jpg
Yadav, Shri  Shyam Singh	Jaunpur (Uttar Pradesh)	Bahujan Samaj Party	https://loksabhadocs.nic.in/mpimage/photo/5147.jpg
Yepthomi, Shri Tokheho	Nagaland (Nagaland)	Nationalist Democratic Progressive Party	https://loksabhadocs.nic.in/mpimage/photo/4950.jpg
